"","Age","mat1","growth","Vul1","M_G","M_P","FISH","SURVM_G","SURVM_P","SurvshipM_G","SurvshipM_P","egg_productionM_G","egg_productionM_P","codNames"
"1",1,0.00901329865284782,0.148485242396292,0.00901329865284782,0.427,0.252,0,0.6524635522279,0.777244738068946,1,1,0.148485242396292,0.148485242396292,"Northsea"
"2",2,0.0483376287199052,0.87310074848673,0.0483376287199052,0.427,0.252,0,0.6524635522279,0.777244738068946,0.6524635522279,0.777244738068946,0.569666415810491,0.67861296256537,"Northsea"
"3",3,0.220973892220188,2.19125103214531,0.220973892220188,0.427,0.252,0,0.6524635522279,0.777244738068946,0.42570868698585,0.604109382855865,0.932834599750969,1.32375530871158,"Northsea"
"4",4,0.613014176139336,3.90720871811454,0.613014176139336,0.427,0.252,0,0.6524635522279,0.777244738068946,0.277759402125063,0.469540839042799,1.08526395752133,1.83459405981884,"Northsea"
"5",5,0.898439072102363,5.80602477518809,0.898439072102363,0.427,0.252,0,0.6524635522279,0.777244738068946,0.181227886175217,0.364948146454494,1.05221359708827,2.11889797997376,"Northsea"
"6",6,0.980159694265923,7.71842250762277,0.980159694265923,0.427,0.252,0,0.6524635522279,0.777244738068946,0.118244590376635,0.28365402649977,0.912661707767657,2.18936162251365,"Northsea"
"7",7,0.996388449465568,9.5319186254484,0.996388449465568,0.427,0.252,0,0.6524635522279,0.777244738068946,0.0771502854688725,0.220468599529016,0.735390243019407,2.10148875017715,"Northsea"
"8",8,0.999351370472389,11.1825079891629,0.999351370472389,0.427,0.252,0,0.6524635522279,0.777244738068946,0.0503377493124171,0.171358058893357,0.562902283842585,1.91621286258242,"Northsea"
"9",9,0.999883790529625,12.641670338567,0.999883790529625,0.427,0.252,0,0.6524635522279,0.777244738068946,0.0328435467275372,0.133187149600571,0.415197290478847,1.68370803858382,"Northsea"
"10",10,0.999979188832398,13.9043786149305,0.999979188832398,0.427,0.252,0,0.6524635522279,0.777244738068946,0.021429217165612,0.103519011205445,0.297959948892237,1.43936752564374,"Northsea"
"11",1,0.00849286285164435,0.0210325342332828,0.00849286285164435,0.316,0.151,0,0.729059450167624,0.859847698659206,1,1,0.0210325342332828,0.0210325342332828,"Coas"
"12",2,0.0253327032268717,0.143315320894708,0.0253327032268717,0.316,0.151,0,0.729059450167624,0.859847698659206,0.729059450167624,0.859847698659206,0.104485389052092,0.12322934885392,"Coas"
"13",3,0.0731011734223782,0.413226213117691,0.0731011734223782,0.316,0.151,0,0.729059450167624,0.859847698659206,0.531527681878718,0.739338064889532,0.219641171149967,0.305513868768063,"Coas"
"14",4,0.193098684233216,0.839328611980557,0.193098684233216,0.316,0.151,0,0.729059450167624,0.859847698659206,0.38751527949937,0.635718133626414,0.325252661663464,0.533576418707529,"Coas"
"15",5,0.420675747851251,1.4089351903869,0.420675747851251,0.316,0.151,0,0.729059450167624,0.859847698659206,0.282521676603364,0.546620774194598,0.398054732213587,0.770153244559302,"Coas"
"16",6,0.68783133058284,2.09873539678154,0.68783133058284,0.316,0.151,0,0.729059450167624,0.859847698659206,0.205975098204883,0.470010614730538,0.432287229458144,0.986427913998034,"Coas"
"17",7,0.869891525637002,2.88141945633975,0.869891525637002,0.316,0.151,0,0.729059450167624,0.859847698659206,0.150168091845475,0.404137545421452,0.432697261564965,1.16448978641476,"Coas"
"18",8,0.953023854321717,3.72963499691335,0.953023854321717,0.316,0.151,0,0.729059450167624,0.859847698659206,0.109481466473583,0.347496738372415,0.40832590887327,1.296035996747,"Coas"
"19",9,0.984015151657797,4.61819418217237,0.984015151657797,0.316,0.151,0,0.729059450167624,0.859847698659206,0.0798184977507755,0.298794270781101,0.36861732194237,1.37988996298772,"Coas"
"20",10,0.994674982314258,5.52515708880298,0.994674982314258,0.316,0.151,0,0.729059450167624,0.859847698659206,0.0581924300833861,0.256917566103685,0.321522317589892,1.41950991159579,"Coas"
"21",1,0.158424178844956,0.0295318339033666,0.158424178844956,0.584,0.192,0,0.557663246319791,0.825306868491682,1,1,0.0295318339033666,0.0295318339033666,"W_Baltic"
"22",2,0.30576365989197,0.190250179503715,0.30576365989197,0.584,0.192,0,0.557663246319791,0.825306868491682,0.557663246319791,0.825306868491682,0.106095532714965,0.157014779876191,"W_Baltic"
"23",3,0.50749943755062,0.519966097316774,0.50749943755062,0.584,0.192,0,0.557663246319791,0.825306868491682,0.310988296295928,0.681131427179547,0.161703370736186,0.354165249950354,"W_Baltic"
"24",4,0.706822221093568,1.00365706548493,0.706822221093568,0.584,0.192,0,0.557663246319791,0.825306868491682,0.173426742879848,0.562142445196822,0.174060975835399,0.564198236930768,"W_Baltic"
"25",5,0.849412420254156,1.60512414836635,0.849412420254156,0.584,0.192,0,0.557663246319791,0.825306868491682,0.096713720433044,0.463940021091647,0.155237528145431,0.744681331247797,"W_Baltic"
"26",6,0.929563269107183,2.28360462631463,0.929563269107183,0.584,0.192,0,0.557663246319791,0.825306868491682,0.053933687300356,0.382892885975112,0.1231632178333,0.874375965795726,"W_Baltic"
"27",7,0.968629067751806,3.00176380072792,0.968629067751806,0.584,0.192,0,0.557663246319791,0.825306868491682,0.0300768351459131,0.316004128691862,0.090283554981463,0.948569754387799,"W_Baltic"
"28",8,0.986346340902649,3.72890358773022,0.986346340902649,0.584,0.192,0,0.557663246319791,0.825306868491682,0.0167727455264951,0.260800377881124,0.0625439509698335,0.972499464762319,"W_Baltic"
"29",9,0.994118239319079,4.44164438901606,0.994118239319079,0.584,0.192,0,0.557663246319791,0.825306868491682,0.00935354372000099,0.215240343170517,0.0415451149813589,0.956021062533221,"W_Baltic"
"30",10,0.99747755253923,5.12337869583449,0.99747755253923,0.584,0.192,0,0.557663246319791,0.825306868491682,0.00521612755548985,0.177639333595135,0.0267241967925519,0.91011357728355,"W_Baltic"
"31",11,0.998920308875313,5.76322104913456,0.998920308875313,0.584,0.192,0,0.557663246319791,0.825306868491682,0.00290884262581259,0.14660696213035,0.0167643030497029,0.844928330099306,"W_Baltic"
"32",1,0.0373268873441295,0.0788024211703317,0.0373268873441295,0.565,0.224,0,0.568360146757541,0.799315134369365,1,1,0.0788024211703317,0.0788024211703317,"Faroe"
"33",2,0.165204870190615,0.480536145236908,0.165204870190615,0.565,0.224,0,0.568360146757541,0.799315134369365,0.568360146757541,0.799315134369365,0.273117594029152,0.384099813499376,"Faroe"
"34",3,0.502499979166875,1.24734497321573,0.502499979166875,0.565,0.224,0,0.568360146757541,0.799315134369365,0.323033256422253,0.638904684031916,0.402933908579804,0.796934545991192,"Faroe"
"35",4,0.837534937419304,2.29427298780769,0.837534937419304,0.565,0.224,0,0.568360146757541,0.799315134369365,0.183599229027718,0.510686183366188,0.42122675174061,1.17165351574365,"Faroe"
"36",5,0.96338517172551,3.50772277631062,0.96338517172551,0.565,0.224,0,0.568360146757541,0.799315134369365,0.104350484754765,0.408199195277923,0.366032572093343,1.43184961454803,"Faroe"
"37",6,0.992608458655718,4.78593689762984,0.992608458655718,0.565,0.224,0,0.568360146757541,0.799315134369365,0.0593086568294388,0.326279794623039,0.283847489068877,1.56155450803749,"Faroe"
"38",7,0.998543119747025,6.05176188187619,0.998543119747025,0.565,0.224,0,0.568360146757541,0.799315134369365,0.0337086768995724,0.260800377881124,0.203996885949313,1.57830178563989,"Faroe"
"39",8,0.999714219299158,7.25315855577534,0.999714219299158,0.565,0.224,0,0.568360146757541,0.799315134369365,0.0191586685496435,0.208461689089632,0.138960860708111,1.51200568377184,"Faroe"
"40",9,0.999943994239549,8.35908437513538,0.999943994239549,0.565,0.224,0,0.568360146757541,0.799315134369365,0.0108890236685545,0.166626583025544,0.0910222676082929,1.39284566665102,"Faroe"
"41",10,0.999989026321033,9.35430126444431,0.999989026321033,0.565,0.224,0,0.568360146757541,0.799315134369365,0.00618888709030594,0.133187149600571,0.057892714334352,1.24587272191635,"Faroe"
"42",1,0.00147150059738953,0.0264991326321338,0.00147150059738953,0.196,0.112,0,0.822012234678187,0.894044257500357,1,1,0.0264991326321338,0.0264991326321338,"NE_Arctic"
"43",2,0.00372112934290421,0.180820841377921,0.00372112934290421,0.196,0.112,0,0.822012234678187,0.894044257500357,0.822012234678187,0.894044257500357,0.148636943897455,0.161661834870313,"NE_Arctic"
"44",3,0.00937768886267686,0.522078586062962,0.00937768886267686,0.196,0.112,0,0.822012234678187,0.894044257500357,0.675704113960626,0.799315134369365,0.35277064841349,0.417305315170285,"NE_Arctic"
"45",4,0.0234306676736703,1.06181456567862,0.0234306676736703,0.196,0.112,0,0.822012234678187,0.894044257500357,0.555437048698018,0.714623105816057,0.589771148625102,0.758797222725985,"NE_Arctic"
"46",5,0.0573241758988688,1.78464967945376,0.0573241758988688,0.196,0.112,0,0.822012234678187,0.894044257500357,0.456576049623315,0.638904684031916,0.814828300606514,1.14022103955907,"NE_Arctic"
"47",6,0.133541722533212,2.66159448129642,0.133541722533212,0.196,0.112,0,0.822012234678187,0.894044257500357,0.375311098851399,0.571209063848815,0.99892594947218,1.5203268920065,"NE_Arctic"
"48",7,0.280900342583616,3.65839124975742,0.280900342583616,0.196,0.112,0,0.822012234678187,0.894044257500357,0.308510315066365,0.510686183366188,1.12865143709869,1.86828986459887,"NE_Arctic"
"49",8,0.497500020833125,4.74053150832982,0.497500020833125,0.196,0.112,0,0.822012234678187,0.894044257500357,0.253599253508974,0.456576049623315,1.20219525174821,2.16441314918808,"NE_Arctic"
"50",9,0.71504210570099,5.87608280185715,0.71504210570099,0.196,0.112,0,0.822012234678187,0.894044257500357,0.208461689089631,0.408199195277923,1.22493814610568,2.39861227110453,"NE_Arctic"
"51",10,0.864127102990906,7.03710069787804,0.864127102990906,0.196,0.112,0,0.822012234678187,0.894044257500357,0.171358058893357,0.364948146454494,1.20586391582547,2.56817685610421,"NE_Arctic"
"52",11,0.941585444457604,8.20015221798967,0.941585444457604,0.196,0.112,0,0.822012234678187,0.894044257500357,0.140858420921045,0.326279794623039,1.15506049273823,2.67554398156333,"NE_Arctic"
"53",12,0.976107310589417,9.34630343895391,0.976107310589417,0.196,0.112,0,0.822012234678187,0.894044257500357,0.115787345354549,0.291708576721124,1.08218366407456,2.72639687378099,"NE_Arctic"
"54",1,0.0497365115585567,0.326801255412984,0.0497365115585567,0.719,0.45,0,0.487239251673205,0.637628151621773,1,1,0.326801255412984,0.326801255412984,"Celtic"
"55",2,0.336261302595647,1.54144165112342,0.336261302595647,0.719,0.45,0,0.487239251673205,0.637628151621773,0.487239251673205,0.637628151621773,0.751050876591285,0.982866590838641,"Celtic"
"56",3,0.830616103065981,3.18243688732116,0.830616103065981,0.719,0.45,0,0.487239251673205,0.637628151621773,0.237402088371065,0.406569659740599,0.755517163159155,1.29388228242409,"Celtic"
"57",4,0.979366702773094,4.78148091935681,0.979366702773094,0.719,0.45,0,0.487239251673205,0.637628151621773,0.115671615883574,0.259240260645892,0.553081624258479,1.23955235980742,"Celtic"
"58",5,0.997828146254796,6.12281587869697,0.997828146254796,0.719,0.45,0,0.487239251673205,0.637628151621773,0.056359751562943,0.165298888221587,0.345080381789003,1.01209465753409,"Celtic"
"59",6,0.999775183229767,7.16042142562702,0.999775183229767,0.719,0.45,0,0.487239251673205,0.637628151621773,0.0274606831760161,0.105399224561864,0.196630064175901,0.754702865797247,"Celtic"
"60",7,0.999976769006201,7.92564853605367,0.999976769006201,0.719,0.45,0,0.487239251673205,0.637628151621773,0.0133799227211171,0.0672055127397498,0.106044564927133,0.532647273660534,"Celtic"
"61",8,0.999997599905389,8.4735431667082,0.999997599905389,0.719,0.45,0,0.487239251673205,0.637628151621773,0.00651922353408239,0.0428521268670402,0.0552409220294672,0.363109346793121,"Celtic"
"62",9,0.99999975204046,8.85848066466334,0.99999975204046,0.719,0.45,0,0.487239251673205,0.637628151621773,0.00317642159623665,0.0273237224472926,0.0281382692930815,0.242046666985969,"Celtic"
"63",10,0.999999974382754,9.12561529534812,0.999999974382754,0.719,0.45,0,0.487239251673205,0.637628151621773,0.00154767728154896,0.0174223746394935,0.0141235074727659,0.158989888491447,"Celtic"
"64",1,0.00333480730741334,0.0489649351841283,0.00333480730741334,0.229,0.138,0,0.795328533505094,0.871098691745798,1,1,0.0489649351841283,0.0489649351841283,"Iceland"
"65",2,0.00892441520843131,0.328498740571749,0.00892441520843131,0.229,0.138,0,0.795328533505094,0.871098691745798,0.795328533505094,0.871098691745798,0.2612644215972,0.286154823152193,"Iceland"
"66",3,0.0236605781554612,0.933148613594655,0.0236605781554612,0.229,0.138,0,0.795328533505094,0.871098691745798,0.632547476207363,0.758812930761241,0.590260800455699,0.708085234317549,"Iceland"
"67",4,0.061226162819908,1.86848395970344,0.061226162819908,0.229,0.138,0,0.795328533505094,0.871098691745798,0.50308305662435,0.661000951265913,0.940002621701176,1.23506967478907,"Iceland"
"68",5,0.149312934530844,3.09394620071806,0.149312934530844,0.229,0.138,0,0.795328533505094,0.871098691745798,0.400116309656305,0.575797063890465,1.23793833610645,1.78148513820852,"Iceland"
"69",6,0.320821300824607,4.5489442510525,0.320821300824607,0.229,0.138,0,0.795328533505094,0.871098691745798,0.318223917790419,0.501576069066056,1.44758286138013,2.28164157584355,"Iceland"
"70",7,0.559713649267193,6.16813009815526,0.559713649267193,0.229,0.138,0,0.795328533505094,0.871098691745798,0.253092561862499,0.436922257574441,1.56110784844331,2.69499332749886,"Iceland"
"71",8,0.773818574269454,7.88979891499576,0.773818574269454,0.229,0.138,0,0.795328533505094,0.871098691745798,0.201291736067149,0.380602406967716,1.5881513208202,3.00287645753866,"Iceland"
"72",9,0.902031195702446,9.66001382514682,0.902031195702446,0.229,0.138,0,0.795328533505094,0.871098691745798,0.16009306125298,0.33154225878488,1.54650118501386,3.20270280348234,"Iceland"
"73",10,0.961208865539764,11.4341516408181,0.961208865539764,0.229,0.138,0,0.795328533505094,0.871098691745798,0.127326579630674,0.288806027885956,1.45587141940383,3.30225191763036,"Iceland"
"74",11,0.985225968306727,13.1769617328206,0.985225968306727,0.229,0.138,0,0.795328533505094,0.871098691745798,0.101266461853883,0.251578553059757,1.33438429266676,3.3150409664668,"Iceland"
"75",12,0.994458868408073,14.8618291439037,0.994458868408073,0.229,0.138,0,0.795328533505094,0.871098691745798,0.0805401065994986,0.219149748441655,1.19697330351354,3.25696611826935,"Iceland"
"76",13,0.997933849959954,16.4696691281293,0.997933849959954,0.229,0.138,0,0.795328533505094,0.871098691745798,0.0640558448701231,0.190901059163946,1.05497857073371,3.14407728063964,"Iceland"
"77",14,0.999231268671258,17.9877084830888,0.999231268671258,0.229,0.138,0,0.795328533505094,0.871098691745798,0.0509454411629848,0.166293662890601,0.916391744182121,2.99124193066116,"Iceland"
"78",1,0.0567861808087885,0.0209714204837794,0.0567861808087885,0.913,0.168,0,0.401318460910542,0.845353834684659,1,1,0.0209714204837794,0.0209714204837794,"Kat"
"79",2,0.35205919791935,0.13892513147219,0.35205919791935,0.913,0.168,0,0.401318460910542,0.845353834684659,0.401318460910542,0.845353834684659,0.055753219944214,0.117440892624086,"Kat"
"80",3,0.830616103065981,0.389893531063574,0.830616103065981,0.913,0.168,0,0.401318460910542,0.845353834684659,0.161056507067606,0.714623105816057,0.0627948902413545,0.278626926106241,"Kat"
"81",4,0.97790367784663,0.771746111518246,0.97790367784663,0.913,0.168,0,0.401318460910542,0.845353834684659,0.0646349495359995,0.604109382855865,0.0498817709725857,0.466219067150701,"Kat"
"82",5,0.997502588628866,1.26394101643745,0.997502588628866,0.913,0.168,0,0.401318460910542,0.845353834684659,0.0259391984688179,0.510686183366188,0.0327856168782504,0.645477213684422,"Kat"
"83",6,0.999722663052879,1.83903249553153,0.999722663052879,0.913,0.168,0,0.401318460910542,0.845353834684659,0.0104098792067591,0.43171052342908,0.0191441061357879,0.793929681249004,"Kat"
"84",7,0.999969262610269,2.46904385031621,0.999969262610269,0.913,0.168,0,0.401318460910542,0.845353834684659,0.0041776767015212,0.364948146454494,0.0103148669685003,0.901072976687769,"Kat"
"85",8,0.999996594107049,3.12870639989706,0.999996594107049,0.913,0.168,0,0.401318460910542,0.845353834684659,0.00167657878403632,0.308510315066365,0.00524552277154607,0.965238197182395,"Kat"
"86",1,0.0452174734832875,0.0374185208167936,0.0452174734832875,0.941,0.23,0,0.390237402771992,0.794533602503334,1,1,0.0374185208167936,0.0374185208167936,"W_Scotland"
"87",2,0.42067574785125,0.237744628942688,0.42067574785125,0.941,0.23,0,0.390237402771992,0.794533602503334,0.390237402771992,0.794533602503334,0.0927768465215856,0.188896096509653,"W_Scotland"
"88",3,0.917586681872087,0.641332629176746,0.917586681872087,0.941,0.23,0,0.390237402771992,0.794533602503334,0.15228523052223,0.631283645506926,0.0976654872756085,0.404862800129238,"W_Scotland"
"89",4,0.994176422993789,1.22277228126738,0.994176422993789,0.941,0.23,0,0.390237402771992,0.794533602503334,0.0594273928395291,0.501576069066056,0.0726661687121636,0.613313314201025,"W_Scotland"
"90",5,0.999618111532317,1.93305672995437,0.999618111532317,0.941,0.23,0,0.390237402771992,0.794533602503334,0.0231907914352087,0.398519041084514,0.0448291154567983,0.770359914383382,"W_Scotland"
"91",6,0.999975084611061,2.72050517401758,0.999975084611061,0.941,0.23,0,0.390237402771992,0.794533602503334,0.00904991421790279,0.316636769379053,0.0246203384542199,0.861411969379927,"W_Scotland"
"92",7,0.999998374998185,3.54002732508707,0.999998374998185,0.941,0.23,0,0.390237402771992,0.794533602503334,0.00353161501970371,0.251578553059757,0.012502013671439,0.890594952237405,"W_Scotland"
"93",1,0.00200520852398041,0.0430226119919251,0.00200520852398041,0.308,0.08,0,0.734915318009069,0.923116346386636,1,1,0.0430226119919251,0.0430226119919251,"NGulf"
"94",2,0.00849286285164435,0.273351129357709,0.00849286285164435,0.308,0.08,0,0.734915318009069,0.923116346386636,0.734915318009069,0.923116346386636,0.200889932160059,0.252334895813349,"NGulf"
"95",3,0.0352297192059215,0.737383634107978,0.0352297192059215,0.308,0.08,0,0.734915318009069,0.923116346386636,0.540100524644371,0.852143788966211,0.398261287645892,0.628356883890447,"NGulf"
"96",4,0.134703051952028,1.40590424910215,0.134703051952028,0.308,0.08,0,0.734915318009069,0.923116346386636,0.396928148825883,0.786627861066553,0.55804297102256,1.1059234523356,"NGulf"
"97",5,0.39891212115163,2.22256646804385,0.39891212115163,0.308,0.08,0,0.734915318009069,0.923116346386636,0.291708576721124,0.726149037073691,0.648341701061169,1.61391450060232,"NGulf"
"98",6,0.738850006084249,3.12794936755634,0.738850006084249,0.308,0.08,0,0.734915318009069,0.923116346386636,0.214381101426978,0.670320046035639,0.670573230624547,2.09672716405751,"NGulf"
"99",7,0.923437802648188,4.07020958401113,0.923437802648188,0.308,0.08,0,0.734915318009069,0.923116346386636,0.157551955330342,0.618783391806141,0.641269478565251,2.51857809175627,"NGulf"
"100",8,0.980922802684742,5.00866904490177,0.980922802684742,0.308,0.08,0,0.734915318009069,0.923116346386636,0.115787345354549,0.571209063848815,0.579940492468679,2.86099715626688,"NGulf"
"101",9,0.995458743754169,5.91391422583991,0.995458743754169,0.308,0.08,0,0.734915318009069,0.923116346386636,0.0850938937326641,0.527292424043048,0.503237988677712,3.11836216772579,"NGulf"
"102",10,0.998931040497558,6.76636890810712,0.998931040497558,0.308,0.08,0,0.734915318009069,0.923116346386636,0.0625368059731708,0.486752255959971,0.42314709954919,3.29354533067855,"NGulf"
"103",11,0.999749048529705,7.55437377994869,0.999749048529705,0.308,0.08,0,0.734915318009069,0.923116346386636,0.0459592566490442,0.449328964117221,0.347193403375472,3.39439894509864,"NGulf"
"104",12,0.999941122931872,8.27228220846927,0.999941122931872,0.308,0.08,0,0.734915318009069,0.923116346386636,0.0337761617156927,0.414782911681581,0.279405941631106,3.43120130068062,"NGulf"
"105",13,0.999986188566737,8.91879383764645,0.999986188566737,0.308,0.08,0,0.734915318009069,0.923116346386636,0.0248226186284141,0.382892885975112,0.221387818057347,3.41494271191349,"NGulf"
"106",1,0.102477033444097,0.0823004700647871,0.102477033444097,0.954,0.204,0,0.385197149167755,0.815462371187293,1,1,0.0823004700647871,0.0823004700647871,"GB"
"107",2,0.49500016666,0.51860370541728,0.49500016666,0.954,0.204,0,0.385197149167755,0.815462371187293,0.385197149167755,0.815462371187293,0.199764668874571,0.422901807326091,"GB"
"108",3,0.893785008324824,1.38812147910969,0.893785008324824,0.954,0.204,0,0.385197149167755,0.815462371187293,0.148376843726966,0.664978878822402,0.205965083779903,0.923071464847653,"GB"
"109",4,0.986346340902649,2.62733974615474,0.986346340902649,0.954,0.204,0,0.385197149167755,0.815462371187293,0.0571543372061368,0.542265253313983,0.150163861806814,1.42471505299049,"GB"
"110",5,0.998390144977588,4.12520224467327,0.998390144977588,0.954,0.204,0,0.385197149167755,0.815462371187293,0.0220156877543764,0.442196909279899,0.0908191645423795,1.82415168274902,"GB"
"111",6,0.999812210294191,5.76871288838725,0.999812210294191,0.954,0.204,0,0.385197149167755,0.815462371187293,0.00848038015995327,0.360594940173078,0.048920878327146,2.08016867886367,"GB"
"112",7,0.999978121844362,7.46204387061782,0.999978121844362,0.954,0.204,0,0.385197149167755,0.815462371187293,0.00326661826147279,0.294051604951678,0.0243756487756713,2.194225976375,"GB"
"113",8,0.999997451492205,9.13212514163251,0.999997451492205,0.954,0.204,0,0.385197149167755,0.815462371187293,0.00125829204173865,0.239788019025325,0.0114908803898776,2.18977419720342,"GB"
"114",9,0.999999703138547,10.7278481795644,0.999999703138547,0.954,0.204,0,0.385197149167755,0.815462371187293,0.000484690507298201,0.195538106576695,0.00519968617637113,2.09770312067426,"GB"
"115",10,0.999999965420335,12.2166823516043,0.999999965420335,0.954,0.204,0,0.385197149167755,0.815462371187293,0.00018670140163994,0.159453968046505,0.00228087171843444,1.94799847732702,"GB"
"116",1,0.0870657724402712,0.0642215989142347,0.0870657724402712,0.797,0.153,0,0.450678975013409,0.858129721811394,1,1,0.0642215989142347,0.0642215989142347,"GM"
"117",2,0.32739298293224,0.432680508913293,0.32739298293224,0.797,0.153,0,0.450678975013409,0.858129721811394,0.450678975013409,0.858129721811394,0.195000008265323,0.371296004746976,"GM"
"118",3,0.713000162752282,1.23408406698775,0.713000162752282,0.797,0.153,0,0.450678975013409,0.858129721811394,0.203111538519137,0.7363866194561,0.250656713507836,0.908762994213744,"GM"
"119",4,0.926898826577622,2.4806573199301,0.926898826577622,0.797,0.153,0,0.450678975013409,0.858129721811394,0.0915380999932015,0.631915244899496,0.227074657800628,1.56756517783535,"GM"
"120",5,0.984782878791344,4.12285018406269,0.984782878791344,0.797,0.153,0,0.450678975013409,0.858129721811394,0.041254297079611,0.542265253313983,0.170085286308051,2.23567839943636,"GM"
"121",6,0.996981583675292,6.08313838504913,0.996981583675292,0.797,0.153,0,0.450678975013409,0.858129721811394,0.0185924443227378,0.465333930974313,0.113100411731535,2.83069069737565,"GM"
"122",7,0.999407164150915,8.27616125671517,0.999407164150915,0.797,0.153,0,0.450678975013409,0.858129721811394,0.00837922375036535,0.39931687673639,0.0693478069641213,3.30481086439822,"GM"
"123",8,0.999883790529625,10.6200628173064,0.999883790529625,0.797,0.153,0,0.450678975013409,0.858129721811394,0.00377633997122267,0.342665680348393,0.0401049677138899,3.63913105063498,"GM"
"124",9,0.999977229000224,13.0422806538383,0.999977229000224,0.797,0.153,0,0.450678975013409,0.858129721811394,0.0017019170275328,0.294051604951678,0.022196879522629,3.83510355849137,"GM"
"125",10,0.999995538406022,15.4819252340901,0.999995538406022,0.797,0.153,0,0.450678975013409,0.858129721811394,0.000767018221526352,0.252334421955378,0.0118749187588557,3.90662265470049,"GM"
"126",11,0.999999125838656,17.890147596477,0.999999125838656,0.797,0.153,0,0.450678975013409,0.858129721811394,0.000345678985894105,0.216535667316007,0.00618424807864603,3.87385504818501,"GM"
"127",1,0.000238715344314907,0.0317674550881311,0.000238715344314907,0.267,0.082,0,0.765673071465374,0.921271958696349,1,1,0.0317674550881311,0.0317674550881311,"cod3NO"
"128",2,0.00124173894032822,0.213423967605631,0.00124173894032822,0.267,0.082,0,0.765673071465374,0.921271958696349,0.765673071465374,0.921271958696349,0.16341298480093,0.196621516668786,"cod3NO"
"129",3,0.00643210846691863,0.607080840560761,0.00643210846691863,0.267,0.082,0,0.765673071465374,0.921271958696349,0.58625525236722,0.848742021880207,0.355904331390253,0.515255020062276,"cod3NO"
"130",4,0.0326094553067656,1.21715390243068,0.0326094553067656,0.267,0.082,0,0.765673071465374,0.921271958696349,0.448879859742717,0.781922224925477,0.546355873008382,0.951719687465321,"cod3NO"
"131",5,0.149312934530844,2.0179189979477,0.149312934530844,0.267,0.082,0,0.765673071465374,0.921271958696349,0.343695220928152,0.720363019705302,0.693549115814751,1.4536342228823,"cod3NO"
"132",6,0.4775151752082,2.97037447521068,0.4775151752082,0.267,0.082,0,0.765673071465374,0.921271958696349,0.263158175456029,0.66365025013632,0.781678327317601,1.97128976347211,"cod3NO"
"133",7,0.826353352980995,4.03217060125964,0.826353352980995,0.267,0.082,0,0.765673071465374,0.921271958696349,0.201493128482641,0.611402365832409,0.812454669023537,2.46527864505003,"cod3NO"
"134",8,0.961208865539764,5.16311401992583,0.961208865539764,0.267,0.082,0,0.765673071465374,0.921271958696349,0.154277862564471,0.563267855122005,0.79655419517081,2.90821615975397,"cod3NO"
"135",9,0.992309124118492,6.32790685703602,0.992309124118492,0.267,0.082,0,0.765673071465374,0.921271958696349,0.118126404888851,0.518922880158941,0.747492887493176,3.28369565163064,"cod3NO"
"136",10,0.998513732555894,7.49720761200492,0.998513732555894,0.267,0.082,0,0.765673071465374,0.921271958696349,0.0904462072524092,0.478069098216378,0.678093993489737,3.58418328221215,"cod3NO"
"137",11,0.999714219299158,8.6477169029055,0.999714219299158,0.267,0.082,0,0.765673071465374,0.921271958696349,0.0692522253093459,0.440431654506,0.598873639371451,3.80872826324617,"cod3NO"
"138",12,0.999945103167029,9.76173520223162,0.999945103167029,0.267,0.082,0,0.765673071465374,0.921271958696349,0.053024564058419,0.405757333018616,0.517611753552054,3.96089564129144,"cod3NO"
"139",1,0.00273196076301106,0.0254364775604313,0.00273196076301106,0.489,0.142,0,0.613239326993927,0.867621256485914,1,1,0.0254364775604313,0.0254364775604313,"cod3M"
"140",2,0.0260840751463829,0.163867047256506,0.0260840751463829,0.489,0.142,0,0.613239326993927,0.867621256485914,0.613239326993927,0.867621256485914,0.100489717776062,0.142174533437327,"cod3M"
"141",3,0.207510058559636,0.447859283302938,0.207510058559636,0.489,0.142,0,0.613239326993927,0.867621256485914,0.376062472171965,0.752766644706196,0.168423069264067,0.337133529992474,"cod3M"
"142",4,0.719099657416384,0.864473926953297,0.719099657416384,0.489,0.142,0,0.613239326993927,0.867621256485914,0.230616297342408,0.653116342120676,0.199361776183021,0.564602049030434,"cod3M"
"143",5,0.961580014498435,1.38253196585169,0.961580014498435,0.489,0.142,0,0.613239326993927,0.867621256485914,0.14142298297609,0.566657621382225,0.195521794670544,0.783422275254412,"cod3M"
"144",6,0.995929862284104,1.96692349090882,0.995929862284104,0.489,0.142,0,0.613239326993927,0.867621256485914,0.0867261349017311,0.491644197460965,0.170583672013942,0.967026521154986,"cod3M"
"145",7,0.999582162486557,2.58549122986319,0.999582162486557,0.489,0.142,0,0.613239326993927,0.867621256485914,0.0531838765999221,0.426560956345091,0.137506446519225,1.10286961163229,"cod3M"
"146",8,0.999957245784324,3.21179418605286,0.999957245784324,0.489,0.142,0,0.613239326993927,0.867621256485914,0.0326144446930643,0.370093352911961,0.104750883846527,1.18866367917945,"cod3M"
"147",1,0.000106208521298276,0.0539503324073525,0.000106208521298276,0.307,0.014,0,0.735650600907253,0.986097544262862,1,1,0.0539503324073525,0.0539503324073525,"cod2J3KL"
"148",2,0.000668370034795417,0.306462225250545,0.000668370034795417,0.307,0.014,0,0.735650600907253,0.986097544262862,0.735650600907253,0.986097544262862,0.225449120160937,0.302201647728894,"cod2J3KL"
"149",3,0.00419357205251262,0.745206683615755,0.00419357205251262,0.307,0.014,0,0.735650600907253,0.986097544262862,0.541181806615203,0.972388366801247,0.403292299340898,0.724630310010498,"cod2J3KL"
"150",4,0.0258312385246641,1.29110191768929,0.0258312385246641,0.307,0.014,0,0.735650600907253,0.986097544262862,0.398120721236547,0.958869780572485,0.514014426660349,1.23799861251144,"cod2J3KL"
"151",5,0.143072723480081,1.86928248684119,0.143072723480081,0.307,0.014,0,0.735650600907253,0.986097544262862,0.292877747811295,0.945539135890396,0.547471244769144,1.76747974734287,"cod2J3KL"
"152",6,0.512497396484211,2.4275331724355,0.512497396484211,0.307,0.014,0,0.735650600907253,0.986097544262862,0.215455691169742,0.932393819905948,0.523025837504568,2.26341692759555,"cod2J3KL"
"153",7,0.868755530561477,2.93584711386037,0.868755530561477,0.307,0.014,0,0.735650600907253,0.986097544262862,0.158500108677908,0.919431256095125,0.465332086608592,2.69930959959989,"cod2J3KL"
"154",8,0.97656933232633,3.38077308117205,0.97656933232633,0.307,0.014,0,0.735650600907253,0.986097544262862,0.116600700192768,0.906648903753921,0.394200508457523,3.0651742078854,"cod2J3KL"
"155",9,0.996203984211293,3.75957949644175,0.996203984211293,0.307,0.014,0,0.735650600907253,0.986097544262862,0.0857773751630164,0.894044257500357,0.322486860921469,3.36123045940983,"cod2J3KL"
"156",10,0.999395195315536,4.07571240901309,0.999395195315536,0.307,0.014,0,0.735650600907253,0.986097544262862,0.0631021775829199,0.881614846783416,0.257186328210455,3.59320857100534,"cod2J3KL"
"157",11,0.9999038975845,4.33568788709736,0.9999038975845,0.307,0.014,0,0.735650600907253,0.986097544262862,0.0464211548574313,0.869358235398806,0.201267638820436,3.76926597076694,"cod2J3KL"
"158",12,0.999984736027793,4.54714331465554,0.999984736027793,0.307,0.014,0,0.735650600907253,0.986097544262862,0.034149750465678,0.857272021011457,0.155283809527162,3.89813873918349,"cod2J3KL"
"159",13,0.999997575784096,4.71771032463853,0.999997575784096,0.307,0.014,0,0.735650600907253,0.986097544262862,0.0251222844509087,0.845353834684659,0.118519660732558,3.98813451386459,"cod2J3KL"
"160",14,0.999999614991485,4.85442628429545,0.999999614991485,0.307,0.014,0,0.735650600907253,0.986097544262862,0.018481223652474,0.833601340415735,0.0897157378645125,4.04665625753807,"cod2J3KL"
"161",15,0.999999938853919,4.96347789258961,0.999999938853919,0.307,0.014,0,0.735650600907253,0.986097544262862,0.0135957232854438,0.822012234678186,0.0674820719610662,4.08003955426336,"cod2J3KL"
"162",16,0.999999990288936,5.0501375889224,0.999999990288936,0.307,0.014,0,0.735650600907253,0.986097544262862,0.0100017020047055,0.810584245970187,0.0505099712471637,4.09356196956236,"cod2J3KL"
"163",17,0.999999998457714,5.11880370973772,0.999999998457714,0.307,0.014,0,0.735650600907253,0.986097544262862,0.00735775808985687,0.799315134369365,0.037662919405712,4.09153727505941,"cod2J3KL"
"164",1,0.000457169072580471,0.0393671797985013,0.000457169072580471,0.273,0.13,0,0.761092787628934,0.878095430920561,1,1,0.0393671797985013,0.0393671797985013,"cod3Ps"
"165",2,0.0020868718589552,0.246706281605966,0.0020868718589552,0.273,0.13,0,0.761092787628934,0.878095430920561,0.761092787628934,0.878095430920561,0.187766371593054,0.2166316586576,"cod3Ps"
"166",3,0.00947104358194611,0.656944817568696,0.00947104358194611,0.273,0.13,0,0.761092787628934,0.878095430920561,0.579262231380782,0.771051585803566,0.380543320918884,0.506538343371778,"cod3Ps"
"167",4,0.0418866070577927,1.23741873067546,0.0418866070577927,0.273,0.13,0,0.761092787628934,0.878095430920561,0.440872306449756,0.677056874498165,0.545543649837018,0.837802858236611,"cod3Ps"
"168",5,0.166588613575459,1.93412338577401,0.166588613575459,0.273,0.13,0,0.761092787628934,0.878095430920561,0.335544732704243,0.594520547970194,0.648984914496564,1.14987609515233,"cod3Ps"
"169",6,0.4775151752082,2.69334710901622,0.4775151752082,0.273,0.13,0,0.761092787628934,0.878095430920561,0.255380675988078,0.522045776761016,0.687828805371096,1.40605048361341,"cod3Ps"
"170",7,0.806901315766784,3.47038435708218,0.806901315766784,0.273,0.13,0,0.761092787628934,0.878095430920561,0.194368390594328,0.458406011305223,0.674533022229794,1.59084505082608,"cod3Ps"
"171",8,0.950263488441443,4.23180131843308,0.950263488441443,0.273,0.13,0,0.761092787628934,0.878095430920561,0.147932380224386,0.402524224033636,0.626020441672501,1.70340254196679,"cod3Ps"
"172",9,0.988682242098908,4.95475073969559,0.988682242098908,0.273,0.13,0,0.761092787628934,0.878095430920561,0.112590267645562,0.35345468195878,0.557856711899371,1.75127984688413,"cod3Ps"
"173",10,0.997502588628866,5.62516003611815,0.997502588628866,0.273,0.13,0,0.761092787628934,0.878095430920561,0.0856916406622483,0.310366941265485,0.482029192482676,1.74586371453883,"cod3Ps"
"174",11,0.999452718592235,6.23569336535145,0.999452718592235,0.273,0.13,0,0.761092787628934,0.878095430920561,0.0652192896681275,0.272531793034013,0.406687491876477,1.69942469366953,"cod3Ps"
"175",12,0.999880251848165,6.78389132390906,0.999880251848165,0.273,0.13,0,0.761092787628934,0.878095430920561,0.0496379309806941,0.239308922243755,0.336738329316728,1.62344572134343,"cod3Ps"
"176",13,0.999973807205213,7.2706341572532,0.999973807205213,0.273,0.13,0,0.761092787628934,0.878095430920561,0.0377790712622291,0.210136071200765,0.274677805948466,1.52782249694327,"cod3Ps"
"177",14,0.999994271207193,7.69894836827361,0.999994271207193,0.273,0.13,0,0.761092787628934,0.878095430920561,0.0287533786610021,0.184519523992989,0.221370777724476,1.42060628816045,"cod3Ps"
